id,category,question,answer,sources,source_pages,followups
tx-llc-formation-form205,Formation,How do I properly set up an LLC in Texas?,"Step 1: Choose a unique business name (including an LLC designator) and check availability.
Step 2: File a Certificate of Formation – Limited Liability Company (Form 205) with the Texas Secretary of State (SOS).
Step 3: Designate a registered agent and registered office in Texas.
Step 4: Draft a Company/Operating Agreement to govern internal affairs (strongly recommended).
Step 5: Maintain statutory records and meet ongoing obligations such as Texas franchise tax filings.",https://www.sos.state.tx.us/corp/forms/205_boc.pdf?utm_source=chatgpt.com|https://www.sos.state.tx.us/corp/businessstructure.shtml?utm_source=chatgpt.com,,Single-member or multi-member LLC?|What city will you operate in?|Will you have employees?
what-is-a-feasibility-study-and-why-should-i-do-one-before-s,Planning,What is a feasibility study and why should I do one before starting a business?,"Step 1: The Feasibility Study The Business Plan Cash Flow Requirements Legal Issues Permits Employee & Contract Labor Financing Options Tax Responsibilities Texas Roadmap to Starting a Business Chapter 1: The Feasibility Study Chapter 1: The Feasibility Study The…
Step 2: This first step helps you, the prospective business owner, determine the practi- cality and viability of your business idea.
Step 3: After completing the feasibility study, you will have an indication of market opportunity and growth potential.
Step 4: You want this information now, before you risk valuable time and money.
Step 5: The feasibility study can help you analyze the possible risks and rewards of your concept and increase the probability of your success.",Texas Roadmap to Starting a Business (SBDC),"1,3,27",What type of business are you considering?|Do you already have customers or just an idea?
what-should-be-included-in-a-strong-business-plan,Planning,What should be included in a strong business plan?,"Step 1: Fifth, don’t be discouraged if you meet unex- pected obstacles.
Step 2: In fact, obstacles are the one thing to count on.
Step 3: Put yourself and your business at an advantage by anticipating and planning for diver- sions.
Step 4: When outsiders like prospective bankers and private investors read your plan, they consider your aptitude as a small business owner.
Step 5: You will earn credibility by candidly identifying obstacles and your strategies for overcoming them.",Texas Roadmap to Starting a Business (SBDC)|Governor’s Small Business Handbook,"19,28,5",Who is your target customer?|Are you seeking funding (loan/investors)?
how-should-i-think-about-cash-flow-requirements-for-a-new-bu,Finance,How should I think about cash flow requirements for a new business?,"Step 1: The Feasibility Study The Business Plan Cash Flow Requirements Legal Issues Permits Employee & Contract Labor Financing Options Tax Responsibilities Texas Roadmap to Starting a Business currency or money in your bank account on which you can write a check.
Step 2: It does not include accounts receiv- able (products or services sold, but unpaid).
Step 3: Your first task is to identify all your sources of cash.
Step 4: For a start-up business, this usually includes sales, the owners’ investment (equity), bank loans and loans from owners or lenders.
Step 5: For existing businesses, funding sources may also include collection of accounts receivable, sales of assets and refunds from suppliers or vendors.",Texas Roadmap to Starting a Business (SBDC),"1,29",Do you have a monthly revenue estimate?|What are your biggest startup costs?
what-are-the-main-steps-to-start-a-business-in-texas,Formation,What are the main steps to start a business in Texas?,"Step 1: How to Start a Business in Texas INTRODUCTION | GOVERNOR’S SMALL BUSINESS HANDBOOK | 7 In business, there are no guarantees.
Step 2: There is simply no way to eliminate all the risks associated with starting a small business but you can improve your chances of success with good planning, preparation, and insight.
Step 3: In Texas, small businesses continue to thrive due to a variety of factors including our excellent geographic location, our highly skilled workforce, our low tax burden, our reasonable cost of living, our predictable regulatory environment, and our legacy of…
Step 4: Starting a business in Texas requires you to complete a number of basic steps and make some key decisions.
Step 5: As part of your overall plan, you’ll need to select a location, decide on a business structure, obtain the necessary licenses and permits, and determine which financing options will meet your needs and goals.",Governor’s Small Business Handbook|Texas Roadmap to Starting a Business (SBDC),"7,2","What business structure are you considering (LLC, sole prop, corporation)?|Will you have employees?"
how-do-i-figure-out-what-licenses-and-permits-my-business-ne,Licenses & Permits,How do I figure out what licenses and permits my business needs in Texas?,Step 1: | BUSINESS LICENSES AND PERMITS Tax Permits: Texas Comptroller of Public Accounts | BUSINESS LICENSES AND PERMITS Comptroller of Public Accounts | BUSINESS LICENSES AND PERMITS,Governor’s Small Business Handbook,"116,98,114","What city/county will you operate in?|What industry are you in (food, services, retail)?"
what-s-the-difference-between-hiring-employees-vs-using-cont,Hiring,What’s the difference between hiring employees vs using contract labor?,"Step 1: The Feasibility Study The Business Plan Cash Flow Requirements Legal Issues Permits Employee & Contract Labor Financing Options Tax Responsibilities Texas Roadmap to Starting a Business When your business begins to grow, you may need to expand your staff.
Step 2: Your first questions will be: Do you hire full- or part-time employees or do you hire subcontractors to perform specific projects on an as- needed basis?
Step 3: Contract labor requires less paperwork, but keep in mind, there are important distinctions between contract labor and employees.
Step 4: If you incorrectly classify your workers, you may end up paying some big dollars to the IRS and the Texas Workforce Commission (TWC).
Step 5: Employee/employer relations typically display one or more of these traits: • Job training is necessary • Employer holds supervision and payroll responsibilities • Employer sets work hours • Workplace is restricted (that is, employee must work on site) •…",Texas Roadmap to Starting a Business (SBDC),"1,41,42",Will you control the worker’s schedule and tools?|Is the role ongoing or project-based?
what-financing-options-should-a-small-business-consider,Finance,What financing options should a small business consider?,"Step 1: The Feasibility Study The Business Plan Cash Flow Requirements Legal Issues Permits Employee & Contract Labor Financing Options Tax Responsibilities Texas Roadmap to Starting a Business historical information to consider.) Other areas can influence capacity…
Step 2: These factors give credence or add skepti- cism to the projection viability.
Step 3: As defined by Webster’s, it is “property pledged by a borrower to protect the interests of the lender.” This covers the gamut from your business’ operational assets (such as accounts receivable, inventory and equipment) Chapter 7: Financing Options 43 - 2617…",Texas Roadmap to Starting a Business (SBDC)|Governor’s Small Business Handbook,"1,44,59",How much funding do you need?|Do you have revenue yet?
what-tax-responsibilities-should-a-new-texas-business-plan-f,Taxes,What tax responsibilities should a new Texas business plan for?,"Step 1: The Feasibility Study The Business Plan Cash Flow Requirements Legal Issues Permits Employee & Contract Labor Financing Options Tax Responsibilities Texas Roadmap to Starting a Business GOVERNOR’S SMALL BUSINESS HANDBOOK | 7 In business, there are no…
Step 2: There is simply no way to eliminate all the risks associated with starting a small business but you can improve your chances of success with good planning, preparation, and insight.
Step 3: In Texas, small businesses continue to thrive due to a variety of factors including our excellent geographic location, our highly skilled workforce, our low tax burden, our reasonable cost of living, our predictable regulatory environment, and our legacy of…
Step 4: Starting a business in Texas requires you to complete a number of basic steps and make some key decisions.
Step 5: As part of your overall plan, you’ll need to select a location, decide on a business structure, obtain the necessary licenses and permits, and determine which financing options will meet your needs and goals.",Texas Roadmap to Starting a Business (SBDC)|Governor’s Small Business Handbook,"1,7,48",Are you selling products (sales tax)?|Will you have employees (payroll taxes)?
what-is-a-texas-llc-and-how-does-it-work,Formation,What is a Texas LLC and how does it work?,"Step 1: flexibility than more traditional business entities.
Step 2: The owners of an LLC are called “members.” An LLC may have one or more members.
Step 3: A member can be an individual, partnership, trust, and any other legal entity.
Step 4: Unlike the partnership, where the key element is the individual, the essence of an LLC is the entity, which requires more formal requirements in terms of registration.
Step 5: The limited liability company is designed to provide its owners with limited liability STEP ONE | 1 A limited partnership is governed by title 4, chapters 151 and 153 of the Texas Business Organizations Code.",Governor’s Small Business Handbook|Texas Roadmap to Starting a Business (SBDC),"11,12,35",Is this single-member or multi-member?|Are you considering an S-corp election?
do-i-need-a-registered-agent-in-texas,Compliance,Do I need a registered agent in Texas?,"Step 1: The Texas Business Organizations Code (“BOC”) requires every domestic or foreign filing entity (business) to maintain a registered agent and office in Texas.
Step 2: A registered agent is an agent of the entity on whom may be served any process, notice, or demand required or permitted by law to be served on the entity.
Step 3: STEP ONE | after mailing by the Secretary of State, and has not yet been involuntarily terminated.
Step 4: RA Notice Sent: an active status indicating that the registered agent of the entity has resigned and a new registered agent has not been designated or that an allegation has been made that the entity is not maintaining a registered agent.
Step 5: Notice of the need to appoint a new registered agent has been mailed by the Secretary of State.",Governor’s Small Business Handbook,"13,18,16",Will you use a registered agent service?|Do you have a Texas physical address?
what-should-i-do-first-when-starting-a-business-in-texas,Start Here,What should I do first when starting a business in Texas?,"Step 1: your 26 relating to employment of personnel.
Step 2: How to Start a Business in Texas INTRODUCTION | Financial Studies of the Small Business 7",Texas Roadmap to Starting a Business (SBDC)|Governor’s Small Business Handbook,"27,7,8",Is this a new business or expansion?|What industry are you in?
how-do-i-choose-the-right-business-structure-for-my-company,Formation,How do I choose the right business structure for my company?,"Step 1: 8 | GOVERNOR’S SMALL BUSINESS HANDBOOK SELECTING A BUSINESS ENTITY FORMATION AND REGISTERING WITH THE TEXAS SECRETARY OF STATE (if necessary): Determining which business structure is right for a business is an important decision.
Step 2: The information in this section provides an overview of the most commonly utilized for-profit business structures.
Step 3: (Disclaimer: For the most current and accurate information on business entity formations, contact the Texas Secretary of State).
Step 4: SOLE PROPRIETORSHIP: A sole proprietorship is the most common and simplest form of business structure.
Step 5: A sole proprietorship exists when a single individual who owns all of the business’s assets engages in business activity without the necessity of having to have a formal organization.",Governor’s Small Business Handbook,"8,7,5",Are you planning to raise capital?|Do you want liability protection?
what-ongoing-compliance-should-i-expect-after-forming-a-busi,Compliance,What ongoing compliance should I expect after forming a business?,"Step 1: 12 | GOVERNOR’S SMALL BUSINESS HANDBOOK and pass-through tax advantages without the restrictions imposed on Subchapter S Corporations and limited partnerships.
Step 2: Generally, the liability of the members is limited to their investment and they may enjoy the pass-through tax treatment afforded to partners in a partnership.
Step 3: As a result of federal tax classification rules, and LLC can achieve both structural flexibility and favorable tax treatment.
Step 4: Nevertheless, persons contemplating forming an LLC should consult with an attorney as to whether this structure is suitable for their business needs.1 LLCs are subject to state franchise tax.
Step 5: Filing fee for a certification of formation for an LLC is $300 1 An LLC is governed by title 3, chapter 101 of the Texas Business Organizations Code.",Governor’s Small Business Handbook|Texas Roadmap to Starting a Business (SBDC),"12,22,31",Are you an LLC or corporation?|Will you operate only in Texas?
what-records-should-i-keep-to-stay-organized-and-compliant,Operations,What records should I keep to stay organized and compliant?,"Step 1: 16 | GOVERNOR’S SMALL BUSINESS HANDBOOK If the county you are seeking to register in does not provide this service, and if you have to personally research in order to find out if a name already exists in a particular county, search the county records for that…
Step 2: An assumed name filing is valid for ten years, so search records for the last ten years to verify that the name is available.
Step 3: One book will not necessarily encompass one year of filings, so check the front of the book for dates.
Step 4: Some records are computerized; however, a computerized index may not contain ten years of filing history.
Step 5: Use the computer for the period it covers, and then use the books for any of the remaining ten years.",Governor’s Small Business Handbook,"16,26,20",Do you have partners/members?|Do you have contracts/invoices to track?
